YearMonth,Description,Revenue
2009-12,DOTCOM POSTAGE,18574.58
2009-12,WHITE HANGING HEART T-LIGHT HOLDER,17357.600000000002
2009-12,PAPER CHAIN KIT 50'S CHRISTMAS ,10175.26
2009-12,EDWARDIAN PARASOL BLACK,8739.4
2009-12,SCOTTIE DOG HOT WATER BOTTLE,8129.76
2009-12,ASSORTED COLOUR BIRD ORNAMENT,7623.93
2009-12,JUMBO BAG RED WHITE SPOTTY ,6701.5
2009-12,HOT WATER BOTTLE TEA AND SYMPATHY,6425.3
2009-12, WHITE CHERRY LIGHTS,6408.42
2009-12,EDWARDIAN PARASOL RED,6205.2
2009-12,RED/WHITE DOTS RUFFLED UMBRELLA,6096.95
2009-12,EDWARDIAN PARASOL NATURAL,5992.95
2009-12,BLACK/BLUE DOTS RUFFLED UMBRELLA,5386.6
2009-12,CHOCOLATE HOT WATER BOTTLE,5370.2
2009-12,FAIRY CAKE CANDLES,5077.14
2009-12,PINK CHERRY LIGHTS,4956.56
2009-12,RETRO SPOT CAKE STAND,4860.3
2009-12,RED SPOT HEART HOT WATER BOTTLE,4817.6
2009-12,TEA TIME CAKE STAND IN GIFT BOX,4647.2
2009-12,PINK/BROWN DOTS RUFFLED UMBRELLA,4422.8
2009-12,STRAWBERRY CERAMIC TRINKET BOX,4355.33
2009-12,ROTATING SILVER ANGELS T-LIGHT HLDR,4354.73
2009-12,RED WOOLLY HOTTIE WHITE HEART.,3993.57
2009-12,RETRO SPOT TEA SET CERAMIC 11 PC ,3852.54
2009-12,KNITTED UNION FLAG HOT WATER BOTTLE,3757.43
2009-12,RED SPOTTY COIR DOORMAT,3590.42
2009-12,WHITE SKULL HOT WATER BOTTLE ,3317.08
2009-12,BAKING SET 9 PIECE RETROSPOT ,3273.12
2009-12,PAPER CHAIN KIT RETRO SPOT,3211.6000000000004
2009-12,ANTIQUE SILVER TEA GLASS ETCHED,3068.52
2009-12,CREAM HEART CARD HOLDER,3015.36
2009-12,POSTAGE,2924.95
2009-12,CERAMIC CAKE STAND + HANGING CAKES,2910.95
2009-12,RED HANGING HEART T-LIGHT HOLDER,2899.28
2009-12,RED SPOTTY ROUND CAKE TINS,2771.25
2009-12,RETRO SPOT TRADITIONAL TEAPOT ,2760.75
2009-12,COLOUR GLASS. STAR T-LIGHT HOLDER,2696.6
2009-12,HOME BUILDING BLOCK WORD,2644.27
2009-12,UNION JACK HOT WATER BOTTLE ,2631.9
2009-12,PLEASE ONE PERSON  METAL SIGN,2619.0000000000005
2009-12,DOOR MAT FAIRY CAKE,2612.0
2009-12,PACK OF 72 RETRO SPOT CAKE CASES,2568.35
2009-12,DOOR MAT NEW ENGLAND,2537.47
2009-12,RED TOADSTOOL LED NIGHT LIGHT,2472.15
2009-12,EDWARDIAN PARASOL PINK,2427.55
2009-12,CHICK GREY HOT WATER BOTTLE,2425.23
2009-12,JUMBO  BAG BAROQUE BLACK WHITE,2416.4
2009-12,BLACK RECORD COVER FRAME,2381.41
2009-12,PINK 3 PIECE MINI DOTS CUTLERY SET,2380.55
2009-12,GREY HEART HOT WATER BOTTLE,2351.4
2010-01,Manual,15621.170000000002
2010-01,WHITE HANGING HEART T-LIGHT HOLDER,14706.69
2010-01,DOTCOM POSTAGE,11340.51
2010-01,KENSINGTON COFFEE SET,10248.6
2010-01,Adjustment by john on 26/01/2010 17,6563.5
2010-01,JUMBO BAG RED WHITE SPOTTY ,6288.81
2010-01,DOOR MAT UNION FLAG,4911.96
2010-01,EDWARDIAN PARASOL RED,4607.39
2010-01,RETRO SPOT CAKE STAND,4553.53
2010-01,EDWARDIAN PARASOL BLACK,4490.53
2010-01,RED HANGING HEART T-LIGHT HOLDER,3907.6400000000003
2010-01,RED SPOTTY COIR DOORMAT,3275.42
2010-01,RED WOOLLY HOTTIE WHITE HEART.,3255.5200000000004
2010-01,SET/5 RED SPOTTY LID GLASS BOWLS,3196.84
2010-01,TEA TIME CAKE STAND IN GIFT BOX,3181.27
2010-01,PINK HEART SHAPE EGG FRYING PAN,2885.68
2010-01, WHITE CHERRY LIGHTS,2800.17
2010-01,EDWARDIAN PARASOL NATURAL,2771.56
2010-01,POLKADOT CUTLERY 24 PCS IN TRAY,2754.28
2010-01,POSTAGE,2690.0
2010-01,ASSORTED COLOUR BIRD ORNAMENT,2634.61
2010-01,STRAWBERRY CERAMIC TRINKET BOX,2539.7
2010-01,RED/WHITE DOTS RUFFLED UMBRELLA,2538.02
2010-01,SET/3 RUSSIAN DOLL STACKING TINS,2461.6800000000003
2010-01,RED SPOT HEART HOT WATER BOTTLE,2458.35
2010-01,LUNCH BAG RED SPOTTY,2347.62
2010-01,Adjustment by john on 26/01/2010 16,2334.43
2010-01,BLACK/BLUE DOTS RUFFLED UMBRELLA,2319.51
2010-01,PINK 3 PIECE MINI DOTS CUTLERY SET,2279.16
2010-01,PAPER BUNTING RETRO SPOTS,2225.52
2010-01,JUMBO BAG SCANDINAVIAN PAISLEY,2194.54
2010-01,JUMBO BAG PINK VINTAGE PAISLEY,2175.39
2010-01,SPOTTY  HOME SWEET HOME DOORMAT,2082.75
2010-01,WOOD S/3 CABINET ANT WHITE FINISH,2079.2200000000003
2010-01,PAPER CHAIN KIT RETRO SPOT,2050.25
2010-01,HOME BUILDING BLOCK WORD,2042.82
2010-01,CREAM HEART CARD HOLDER,2028.39
2010-01,PACK OF 72 RETRO SPOT CAKE CASES,1980.23
2010-01,PINK CHERRY LIGHTS,1972.01
2010-01,BLUE 3 PIECE MINI DOTS CUTLERY SET,1940.34
2010-01,UNION JACK GUNS & ROSES  DOORMAT,1913.3
2010-01,HOT WATER BOTTLE TEA AND SYMPATHY,1907.0700000000002
2010-01,JUMBO BAG WOODLAND ANIMALS,1901.1
2010-01,FANCY FONT HOME SWEET HOME DOORMAT,1886.67
2010-01,WOODEN FRAME ANTIQUE WHITE ,1876.67
2010-01,LOVE BUILDING BLOCK WORD,1870.95
2010-01,STRING OF 20 ROSE LIGHTS,1816.83
2010-01,RED 3 PIECE MINI DOTS CUTLERY SET,1815.93
2010-01,ANTIQUE LILY FAIRY LIGHTS,1808.1
2010-01,JUMBO BAG STRAWBERRY,1792.65
2010-02,WHITE HANGING HEART T-LIGHT HOLDER,8030.57
2010-02,SMALL FAIRY CAKE FRIDGE MAGNETS,6467.6
2010-02,DOTCOM POSTAGE,6443.5
2010-02,DOOR MAT RED SPOT,5708.51
2010-02,JUMBO BAG RED WHITE SPOTTY ,4735.8
2010-02,Manual,4573.1
2010-02,DOOR MAT SPOTTY HOME SWEET HOME,3797.79
2010-02,RETRO SPOT CAKE STAND,3575.06
2010-02,JUMBO BAG PINK WITH WHITE SPOTS,3438.09
2010-02,DOOR MAT HEARTS,3326.35
2010-02,DOOR MAT UNION FLAG,3302.88
2010-02,COOK WITH WINE METAL SIGN ,3044.87
2010-02,DOOR MAT 3 SMILEY CATS,2986.04
2010-02,DOOR MAT BLACK FLOCK ,2726.1
2010-02,POSTAGE,2720.0
2010-02,ASSORTED COLOUR BIRD ORNAMENT,2699.55
2010-02,PICCADILLY TEA SET,2656.57
2010-02,DOOR MAT WELCOME PUPPIES,2596.4
2010-02,ROUND SNACK BOXES SET OF4 WOODLAND ,2589.9400000000005
2010-02,JUMBO SHOPPER VINTAGE RED PAISLEY,2543.11
2010-02,RED TOADSTOOL LED NIGHT LIGHT,2481.75
2010-02,JUMBO BAG SPACEBOY DESIGN,2391.82
2010-02,HOME BUILDING BLOCK WORD,2319.78
2010-02, WHITE CHERRY LIGHTS,2287.17
2010-02,PINK BLUE FELT CRAFT TRINKET BOX,2230.8199999999997
2010-02,RECYCLING BAG RETROSPOT ,2226.71
2010-02,TEA TIME CAKE STAND IN GIFT BOX,2219.19
2010-02,VINTAGE UNION JACK CUSHION COVER,2212.36
2010-02,JUMBO  BAG BAROQUE BLACK WHITE,2206.75
2010-02,LUNCH BAG RED SPOTTY,2163.38
2010-02,DOOR MAT FAIRY CAKE,2153.2200000000003
2010-02,BAKING SET 9 PIECE RETROSPOT ,2119.6
2010-02,PACK OF 72 RETRO SPOT CAKE CASES,2064.16
2010-02,BLACK AND WHITE PAISLEY FLOWER MUG,2022.53
2010-02,VINTAGE UNION JACK BUNTING,2014.46
2010-02,ROUND SNACK BOXES SET OF 4 FRUITS ,2007.2300000000002
2010-02,DOOR MAT NEW ENGLAND,1953.77
2010-02,SET/4 WHITE RETRO STORAGE CUBES ,1928.9
2010-02,STRAWBERRY CERAMIC TRINKET BOX,1862.7
2010-02,JUMBO BAG STRAWBERRY,1827.7
2010-02,RED HANGING HEART T-LIGHT HOLDER,1811.3300000000002
2010-02,EDWARDIAN PARASOL BLACK,1801.6200000000001
2010-02,CREAM HEART CARD HOLDER,1800.13
2010-02,LOVE BUILDING BLOCK WORD,1799.08
2010-02,JUMBO BAG PINK VINTAGE PAISLEY,1774.56
2010-02,CREAM SWEETHEART MINI CHEST,1752.85
2010-02,WOODEN FRAME ANTIQUE WHITE ,1740.6800000000003
2010-02,DOOR MAT ENGLISH ROSE ,1732.47
2010-02,BLACK RECORD COVER FRAME,1729.71
2010-02,PAPER BUNTING RETRO SPOTS,1712.3000000000002
2010-03,Manual,54911.62
2010-03,WHITE HANGING HEART T-LIGHT HOLDER,14252.4
2010-03,ENGLISH ROSE DESIGN QUILTED THROW,10787.3
2010-03,DOTCOM POSTAGE,9993.76
2010-03,REGENCY CAKESTAND 3 TIER,9890.61
2010-03,JUMBO BAG RED WHITE SPOTTY ,5879.46
2010-03,ASSORTED COLOUR BIRD ORNAMENT,5229.57
2010-03,PARTY BUNTING,4791.33
2010-03,DOOR MAT UNION FLAG,4216.23
2010-03,POSTAGE,3888.35
2010-03,PLEASE ONE PERSON METAL SIGN,3831.84
2010-03,NATURAL SLATE HEART CHALKBOARD ,3636.1400000000003
2010-03,WHITE CHERRY LIGHTS,3537.96
2010-03,TEA TIME CAKE STAND IN GIFT BOX,3502.05
2010-03,PINK CHERRY LIGHTS,3478.54
2010-03,SET/5 RED SPOTTY LID GLASS BOWLS,3259.9900000000002
2010-03,HOME BUILDING BLOCK WORD,3210.48
2010-03,PACK OF 12 SUKI TISSUES ,3183.08
2010-03,JUMBO BAG PINK WITH WHITE SPOTS,3152.4
2010-03,DOOR MAT RED SPOT,3115.14
2010-03,PACK OF 12 PINK PAISLEY TISSUES ,3099.35
2010-03,PINK HAPPY BIRTHDAY BUNTING,3088.1200000000003
2010-03,PAPER CHAIN KIT RETRO SPOT,3038.8500000000004
2010-03,RETRO SPOT CAKE STAND,3036.62
2010-03,RECYCLING BAG RETROSPOT ,2947.4
2010-03,PACK OF 12 WOODLAND TISSUES ,2935.26
2010-03,STRAWBERRY CERAMIC TRINKET BOX,2888.83
2010-03,TEA TIME PARTY BUNTING,2789.19
2010-03,JUMBO STORAGE BAG SUKI,2786.02
2010-03,BLUE HAPPY BIRTHDAY BUNTING,2769.02
2010-03,RED TOADSTOOL LED NIGHT LIGHT,2758.4700000000003
2010-03,VINTAGE UNION JACK MEMOBOARD,2749.32
2010-03,PACK OF 12 RED SPOTTY TISSUES ,2740.85
2010-03,LUNCH BAG RED SPOTTY,2729.1
2010-03,COOK WITH WINE METAL SIGN ,2681.19
2010-03,LARGE CAKE STAND  HANGING STRAWBERY,2662.81
2010-03,GIN + TONIC DIET METAL SIGN,2621.2900000000004
2010-03,JUMBO BAG STRAWBERRY,2512.11
2010-03,PINK PAISLEY QUILT ,2506.7
2010-03,PICCADILLY TEA SET,2473.21
2010-03,PACK OF 72 RETRO SPOT CAKE CASES,2389.24
2010-03,CREAM HEART CARD HOLDER,2305.75
2010-03,DOOR MAT SPOTTY HOME SWEET HOME,2295.78
2010-03,JUMBO SHOPPER VINTAGE RED PAISLEY,2275.7799999999997
2010-03,JUMBO BAG SCANDINAVIAN PAISLEY,2269.12
2010-03,NATURAL SLATE CHALKBOARD LARGE ,2258.3
2010-03,JUMBO BAG PINK VINTAGE PAISLEY,2251.86
2010-03,LOVE BUILDING BLOCK WORD,2228.64
2010-03,BAKING SET 9 PIECE RETROSPOT ,2214.7200000000003
2010-03,EDWARDIAN PARASOL NATURAL,2214.48
2010-04,Manual,23371.46
2010-04,REGENCY CAKESTAND 3 TIER,14383.09
2010-04,WHITE HANGING HEART T-LIGHT HOLDER,10063.26
2010-04,PARTY BUNTING,7018.85
2010-04,ENGLISH ROSE DESIGN QUILTED THROW,6084.51
2010-04,RED RETROSPOT JUMBO BAG ,5615.71
2010-04,DOTCOM POSTAGE,4786.15
2010-04,ASSORTED COLOUR BIRD ORNAMENT,4734.41
2010-04,DOOR MAT UNION FLAG,4466.82
2010-04,VINTAGE UNION JACK BUNTING,4430.69
2010-04,POSTAGE,3718.0
2010-04,JUMBO BAG STRAWBERRY,3622.39
2010-04,EDWARDIAN PARASOL NATURAL,3554.79
2010-04,RED RETROSPOT CAKE STAND,3366.2599999999998
2010-04,TEA TIME CAKE STAND IN GIFT BOX,3015.81
2010-04,PLEASE ONE PERSON METAL SIGN,2986.2700000000004
2010-04,PAPER BUNTING RETRO SPOTS,2820.38
2010-04,WOODEN PICTURE FRAME WHITE FINISH,2794.73
2010-04,JUMBO  BAG BAROQUE BLACK WHITE,2792.21
2010-04,WOODEN CROQUET GARDEN SET,2779.96
2010-04,PAPER CHAIN KIT RETRO SPOT,2772.5
2010-04,LUNCH BAG  BLACK SKULL.,2720.98
2010-04,VINTAGE UNION JACK MEMOBOARD,2672.06
2010-04,TEA TIME PARTY BUNTING,2652.49
2010-04,PACK OF 72 RETRO SPOT CAKE CASES,2599.02
2010-04,RETRO SPOT TEA SET CERAMIC 11 PC ,2521.65
2010-04,SET/5 RED SPOTTY LID GLASS BOWLS,2472.7400000000002
2010-04,LUNCH BAG SUKI  DESIGN ,2427.22
2010-04,WOODEN ROUNDERS GARDEN SET ,2426.82
2010-04,CHILLI LIGHTS,2400.77
2010-04,PINK HAPPY BIRTHDAY BUNTING,2364.6200000000003
2010-04,BLUE HAPPY BIRTHDAY BUNTING,2362.8900000000003
2010-04,LUNCH BAG RED SPOTTY,2318.05
2010-04,WHITE METAL LANTERN,2251.88
2010-04,CREAM HEART CARD HOLDER,2228.6
2010-04,JUMBO SHOPPER VINTAGE RED PAISLEY,2200.59
2010-04,WOODEN FRAME ANTIQUE WHITE ,2190.1200000000003
2010-04,JUMBO STORAGE BAG SUKI,2166.44
2010-04,DOOR MAT ENGLISH ROSE ,2166.42
2010-04,DOOR MAT NEW ENGLAND,2162.51
2010-04,CLASSIC METAL BIRDCAGE PLANT HOLDER,2126.7
2010-04,DOOR MAT SPOTTY HOME SWEET HOME,2091.52
2010-04,BLACK HEART CARD HOLDER,2074.13
2010-04,RED  HARMONICA IN BOX ,2067.23
2010-04,JUMBO BAG PINK WITH WHITE SPOTS,2032.3899999999999
2010-04,COOK WITH WINE METAL SIGN ,2016.25
2010-04,3 HOOK PHOTO SHELF ANTIQUE WHITE,1970.2
2010-04,PINK 3 PIECE MINI DOTS CUTLERY SET,1965.9
2010-04,HANGING JAM JAR T-LIGHT HOLDER,1947.15
2010-04,PINK AND LILAC QUILTED THROW ,1927.8000000000002
2010-05,WHITE HANGING HEART T-LIGHT HOLDER,11967.49
2010-05,PARTY BUNTING,9681.51
2010-05,REGENCY CAKESTAND 3 TIER,6771.879999999999
2010-05,DOTCOM POSTAGE,5412.17
2010-05,Manual,5085.46
2010-05,VINTAGE UNION JACK BUNTING,4501.87
2010-05,WOODEN SKITTLES GARDEN SET,4117.7
2010-05,DOOR MAT UNION FLAG,3859.23
2010-05,RED RETROSPOT JUMBO BAG ,3840.0
2010-05,WOODEN CROQUET GARDEN SET,3733.0699999999997
2010-05,ASSORTED COLOUR BIRD ORNAMENT,3584.72
2010-05,LUNCH BAG RED SPOTTY,3505.87
2010-05,RED RETROSPOT CAKE STAND,3390.44
2010-05,WOODEN ROUNDERS GARDEN SET ,3307.92
2010-05,RETRO SPOT TEA SET CERAMIC 11 PC ,3289.55
2010-05,JUMBO BAG PINK WITH WHITE SPOTS,3225.99
2010-05,POSTAGE,3201.0
2010-05,DOOR MAT RED SPOT,3124.26
2010-05,JUMBO BAG STRAWBERRY,2839.32
2010-05,LUNCH BAG SUKI  DESIGN ,2739.46
2010-05,STRAWBERRY CERAMIC TRINKET BOX,2691.17
2010-05,PACK OF 12 SUKI TISSUES ,2684.89
2010-05,PACK OF 12 HEARTS DESIGN TISSUES ,2679.82
2010-05,JUMBO BAG RED RETROSPOT,2501.3
2010-05,TEA TIME PARTY BUNTING,2460.34
2010-05,COLOUR GLASS T-LIGHT HOLDER HANGING,2391.52
2010-05,HOME BUILDING BLOCK WORD,2382.42
2010-05,EDWARDIAN PARASOL NATURAL,2371.82
2010-05,JUMBO STORAGE BAG SUKI,2367.37
2010-05,PAPER BUNTING RETRO SPOTS,2322.21
2010-05,SET/5 RED SPOTTY LID GLASS BOWLS,2309.4700000000003
2010-05,RED TOADSTOOL LED NIGHT LIGHT,2229.0
2010-05,BOX OF VINTAGE ALPHABET BLOCKS,2206.5
2010-05,PINK CREAM FELT CRAFT TRINKET BOX ,2152.16
2010-05,PACK OF 72 RETRO SPOT CAKE CASES,2150.42
2010-05,JUMBO SHOPPER VINTAGE RED PAISLEY,2134.43
2010-05,HEART OF WICKER LARGE,2114.6000000000004
2010-05,DOOR MAT NEW ENGLAND,2102.81
2010-05,LUNCH BAG  BLACK SKULL.,2082.02
2010-05,TEA TIME CAKE STAND IN GIFT BOX,2078.34
2010-05,SET OF 4 NEW ENGLAND PLACEMATS,2054.25
2010-05,ROUND SNACK BOXES SET OF4 WOODLAND ,2010.8500000000001
2010-05,FAWN BLUE HOT WATER BOTTLE,2006.96
2010-05,HANGING JAM JAR T-LIGHT HOLDER,2003.29
2010-05,BLUE HAPPY BIRTHDAY BUNTING,1982.16
2010-05,PINK HAPPY BIRTHDAY BUNTING,1978.01
2010-05,IVORY KITCHEN SCALES,1971.72
2010-05,HEART OF WICKER SMALL,1930.03
2010-05,SET/4 WHITE RETRO STORAGE CUBES ,1890.65
2010-05,ASSORTED COLOURS SILK FAN,1811.56
2010-06,Manual,43179.57
2010-06,REGENCY CAKESTAND 3 TIER,16590.28
2010-06,WHITE HANGING HEART T-LIGHT HOLDER,11849.31
2010-06,PINK PAPER PARASOL ,9466.26
2010-06,JUMBO BAG RED RETROSPOT,7789.66
2010-06,PARTY BUNTING,6185.99
2010-06,VINTAGE UNION JACK BUNTING,5698.01
2010-06,LUNCH BAG WOODLAND,5120.8099999999995
2010-06,RED RETROSPOT CAKE STAND,5014.2
2010-06,LUNCH BAG  BLACK SKULL.,4979.5199999999995
2010-06,DOTCOM POSTAGE,4930.22
2010-06,PAPER BUNTING RETRO SPOTS,4667.74
2010-06,LUNCH BAG CARS BLUE,4626.1
2010-06,TEA TIME CAKE STAND IN GIFT BOX,3853.3900000000003
2010-06,EDWARDIAN PARASOL NATURAL,3696.5
2010-06,JUMBO BAG PINK WITH WHITE SPOTS,3648.93
2010-06,DOOR MAT UNION FLAG,3646.35
2010-06,JUMBO BAG STRAWBERRY,3600.1
2010-06,POSTAGE,3565.2
2010-06,JUMBO BAG PINK VINTAGE PAISLEY,3480.21
2010-06,LUNCH BAG RED SPOTTY,3354.91
2010-06,SET/5 RED SPOTTY LID GLASS BOWLS,3323.84
2010-06,WOODEN ROUNDERS GARDEN SET ,3202.44
2010-06,ASSORTED COLOUR BIRD ORNAMENT,3065.66
2010-06,ASSORTED COLOURS SILK FAN,2923.5299999999997
2010-06,PINK HAPPY BIRTHDAY BUNTING,2914.9
2010-06,DOOR MAT RED SPOT,2898.57
2010-06,PICNIC BASKET WICKER LARGE,2824.2999999999997
2010-06,CERAMIC CAKE STAND + HANGING CAKES,2601.67
2010-06,COLOUR GLASS T-LIGHT HOLDER HANGING,2580.82
2010-06,STRAWBERRY CERAMIC TRINKET BOX,2538.83
2010-06,JUMBO  BAG BAROQUE BLACK WHITE,2488.82
2010-06,LUNCH BAG PINK RETROSPOT,2455.41
2010-06,HANGING JAM JAR T-LIGHT HOLDER,2384.87
2010-06,PACK OF 72 RETRO SPOT CAKE CASES,2371.22
2010-06,PAPER CHAIN KIT RETRO SPOT,2261.3
2010-06,ROUND SNACK BOXES SET OF4 WOODLAND ,2235.2000000000003
2010-06,HEART OF WICKER SMALL,2209.16
2010-06,JUMBO STORAGE BAG SUKI,2197.27
2010-06,RED RETROSPOT TRADITIONAL TEAPOT ,2188.23
2010-06,WOOD BLACK BOARD ANT WHITE FINISH,2185.06
2010-06,"ASSORTED FLOWER COLOUR ""LEIS""",2133.22
2010-06,RED HANGING METAL STAR TLIGHT HLDR,2116.5
2010-06,JUMBO BAG WOODLAND ANIMALS,2103.75
2010-06,WOODEN FRAME ANTIQUE WHITE ,2102.53
2010-06,PAPER BUNTING WHITE LACE,2071.15
2010-06,RED RETROSPOT PICNIC BAG,2047.84
2010-06,DOOR MAT FANCY FONT HOME SWEET HOME,2047.0
2010-06,PINK 3 PIECE MINI DOTS CUTLERY SET,2043.72
2010-06,LUNCH BAG SUKI  DESIGN ,2032.6200000000001
2010-07,REGENCY CAKESTAND 3 TIER,18865.88
2010-07,WHITE HANGING HEART T-LIGHT HOLDER,10794.29
2010-07,SET/4 WHITE RETRO STORAGE CUBES ,7765.600000000001
2010-07,JUMBO BAG RED RETROSPOT,6681.85
2010-07,DOTCOM POSTAGE,6655.29
2010-07,Manual,5420.0599999999995
2010-07,ASSORTED COLOUR BIRD ORNAMENT,5059.09
2010-07,DOORMAT UNION FLAG,4033.36
2010-07,SET/5 RED SPOTTY LID GLASS BOWLS,3852.44
2010-07,DOORMAT WELCOME PUPPIES,3722.5099999999998
2010-07,PAPER BUNTING RETRO SPOTS,3500.03
2010-07,JUMBO BAG PINK VINTAGE PAISLEY,3444.59
2010-07,RED RETROSPOT CAKE STAND,3426.71
2010-07,JUMBO BAG STRAWBERRY,3400.17
2010-07,VINTAGE UNION JACK BUNTING,3212.72
2010-07,JUMBO SHOPPER VINTAGE RED PAISLEY,3118.04
2010-07,BAKING SET 9 PIECE RETROSPOT ,3047.16
2010-07,WOOD BLACK BOARD ANT WHITE FINISH,3043.89
2010-07,EDWARDIAN PARASOL NATURAL,3035.92
2010-07,DOORMAT NEW ENGLAND,3033.98
2010-07,LUNCH BAG RED SPOTTY,2973.4900000000002
2010-07,TEA TIME CAKE STAND IN GIFT BOX,2952.58
2010-07,JUMBO BAG SCANDINAVIAN PAISLEY,2927.12
2010-07,POSTAGE,2835.5
2010-07,JUMBO BAG PINK WITH WHITE SPOTS,2806.65
2010-07,ASSORTED COLOURS SILK FAN,2774.23
2010-07,STRAWBERRY CERAMIC TRINKET BOX,2714.96
2010-07,DOORMAT HEARTS,2619.88
2010-07,NATURAL SLATE HEART CHALKBOARD ,2611.17
2010-07,DOORMAT 3 SMILEY CATS,2444.21
2010-07,HEART OF WICKER LARGE,2368.05
2010-07,VINTAGE RED KITCHEN CABINET,2360.0
2010-07,JUMBO STORAGE BAG SUKI,2307.35
2010-07,HANGING JAM JAR T-LIGHT HOLDER,2306.2
2010-07,PACK OF 72 RETRO SPOT CAKE CASES,2303.66
2010-07,DOORMAT ENGLISH ROSE ,2265.15
2010-07,JUMBO  BAG BAROQUE BLACK WHITE,2257.61
2010-07,HEART OF WICKER SMALL,2251.79
2010-07,DOORMAT FANCY FONT HOME SWEET HOME,2208.04
2010-07,BLACK RECORD COVER FRAME,2179.11
2010-07,ENAMEL BREAD BIN CREAM,2164.27
2010-07,RECYCLING BAG RETROSPOT ,2162.27
2010-07,LUNCH BAG PINK RETROSPOT,2147.31
2010-07,DOORMAT RED SPOT,2114.72
2010-07,SET 3 WICKER LOG BASKETS,2101.95
2010-07,PICNIC BASKET WICKER LARGE,2091.62
2010-07,VINTAGE BLUE KITCHEN CABINET,2065.0
2010-07,LUNCH BAG SUKI  DESIGN ,2057.44
2010-07,DOORMAT FAIRY CAKE,2048.88
2010-07,DOORMAT FRIENDSHIP ,2029.93
2010-08,REGENCY CAKESTAND 3 TIER,13271.279999999999
2010-08,WHITE HANGING HEART T-LIGHT HOLDER,12846.710000000001
2010-08,Manual,10731.91
2010-08,DOTCOM POSTAGE,6671.23
2010-08,PARTY BUNTING,5502.110000000001
2010-08,LUNCH BAG RED SPOTTY,5457.73
2010-08,ASSORTED COLOUR BIRD ORNAMENT,5055.63
2010-08,JUMBO BAG STRAWBERRY,4788.71
2010-08,DOORMAT FANCY FONT HOME SWEET HOME,4563.14
2010-08,DOORMAT HEARTS,4047.45
2010-08,CREAM HEART CARD HOLDER,4016.84
2010-08,JUMBO STORAGE BAG SUKI,3879.5
2010-08,JUMBO BAG RED RETROSPOT,3793.21
2010-08,JUMBO BAG PINK WITH WHITE SPOTS,3752.87
2010-08,RED RETROSPOT CAKE STAND,3608.15
2010-08,JUMBO BAG PINK VINTAGE PAISLEY,3408.11
2010-08,SET/5 RED SPOTTY LID GLASS BOWLS,3368.67
2010-08,EDWARDIAN PARASOL NATURAL,3281.38
2010-08,PAPER BUNTING RETRO SPOTS,3189.61
2010-08,DOORMAT FAIRY CAKE,3014.4
2010-08,DOORMAT UNION FLAG,2998.79
2010-08,PLEASE ONE PERSON METAL SIGN,2977.8100000000004
2010-08,JUMBO  BAG BAROQUE BLACK WHITE,2961.74
2010-08,DOORMAT RED SPOT,2936.0
2010-08,WOOD BLACK BOARD ANT WHITE FINISH,2924.3399999999997
2010-08,PACK OF 72 RETRO SPOT CAKE CASES,2911.98
2010-08,VINTAGE UNION JACK BUNTING,2902.07
2010-08,HOME BUILDING BLOCK WORD,2854.44
2010-08,DOORMAT NEW ENGLAND,2835.68
2010-08,CHARLOTTE BAG SUKI DESIGN,2825.7
2010-08,ROUND SNACK BOXES SET OF 4 FRUITS ,2810.2400000000002
2010-08,EDWARDIAN PARASOL BLACK,2802.41
2010-08,POSTAGE,2768.88
2010-08,LUNCH BAG CARS BLUE,2746.84
2010-08,JUMBO SHOPPER VINTAGE RED PAISLEY,2741.64
2010-08,HEART OF WICKER SMALL,2734.69
2010-08,JUMBO BAG SCANDINAVIAN PAISLEY,2539.32
2010-08,HEART OF WICKER LARGE,2456.7400000000002
2010-08,PAPER BUNTING WHITE LACE,2441.46
2010-08,LUNCH BAG SUKI  DESIGN ,2437.58
2010-08,DOORMAT TOPIARY,2424.02
2010-08,BLACK HEART CARD HOLDER,2421.4
2010-08,LUNCH BAG  BLACK SKULL.,2336.72
2010-08,WOODEN FRAME ANTIQUE WHITE ,2300.65
2010-08,DOORMAT AIRMAIL ,2298.06
2010-08,STRAWBERRY CERAMIC TRINKET BOX,2270.08
2010-08,ZINC METAL HEART DECORATION,2265.96
2010-08,SET OF 3 BLUE STRIPE BASKET,2255.9700000000003
2010-08,RED  HARMONICA IN BOX ,2086.01
2010-08,LUNCH BAG WOODLAND,2080.2
2010-09,Manual,41085.049999999996
2010-09,REGENCY CAKESTAND 3 TIER,24771.17
2010-09,JUMBO BAG RED RETROSPOT,13620.53
2010-09,WHITE HANGING HEART T-LIGHT HOLDER,11895.17
2010-09,ASSORTED COLOUR BIRD ORNAMENT,6841.21
2010-09,VINTAGE UNION JACK BUNTING,6505.78
2010-09,DOTCOM POSTAGE,6436.58
2010-09,ROTATING SILVER ANGELS T-LIGHT HLDR,5083.63
2010-09,VINTAGE UNION JACK CUSHION COVER,5033.629999999999
2010-09,HEART OF WICKER LARGE,4902.34
2010-09,PAPER CHAIN KIT VINTAGE CHRISTMAS,4541.77
2010-09,POSTAGE,4404.0
2010-09,SET OF 6 RIBBONS VINTAGE CHRISTMAS,4176.7
2010-09,PHARMACIE FIRST AID TIN,4135.160000000001
2010-09,VINTAGE UNION JACK DOORSTOP,4034.51
2010-09,JUMBO BAG STRAWBERRY,3886.63
2010-09,PARTY BUNTING,3873.57
2010-09,JUMBO BAG PINK WITH WHITE SPOTS,3819.49
2010-09,JUMBO STORAGE BAG SUKI,3793.77
2010-09,JUMBO  BAG BAROQUE BLACK WHITE,3734.59
2010-09,JUMBO BAG SCANDINAVIAN PAISLEY,3711.3
2010-09,HAND WARMER RED POLKA DOT,3707.4
2010-09,JUMBO BAG PINK VINTAGE PAISLEY,3620.79
2010-09,PLEASE ONE PERSON METAL SIGN,3559.3700000000003
2010-09,JUMBO SHOPPER VINTAGE RED PAISLEY,3540.67
2010-09,OPEN CLOSED METAL SIGN,3522.6000000000004
2010-09,JUMBO BAG OWLS,3462.88
2010-09,KINGS CHOICE BISCUIT TIN,3435.2799999999997
2010-09,JUMBO BAG WOODLAND ANIMALS,3291.06
2010-09,PAPER CHAIN KIT 50'S CHRISTMAS ,3267.07
2010-09,SET/4 WHITE RETRO STORAGE CUBES ,3207.06
2010-09,LUNCH BAG RED SPOTTY,3033.72
2010-09,JUMBO BAG SPACEBOY DESIGN,2965.61
2010-09,CHILLI LIGHTS,2921.72
2010-09,GRAND CHOCOLATECANDLE,2878.85
2010-09,BOX OF VINTAGE ALPHABET BLOCKS,2832.44
2010-09,SPACEBOY LUNCH BOX ,2723.7999999999997
2010-09,3 HEARTS HANGING DECORATION RUSTIC,2660.75
2010-09,BROCADE RING PURSE ,2640.11
2010-09,SET 7 BABUSHKA NESTING BOXES,2572.06
2010-09,CARDHOLDER HOLLY WREATH METAL,2557.83
2010-09,DOORMAT UNION FLAG,2532.59
2010-09,PLASTERS IN TIN STRONGMAN,2517.87
2010-09,STRAWBERRY CERAMIC TRINKET BOX,2506.14
2010-09,DOLLY GIRL LUNCH BOX,2495.7
2010-09,WOODEN FRAME ANTIQUE WHITE ,2494.5800000000004
2010-09,ROSES REGENCY TEACUP AND SAUCER ,2449.92
2010-09,PLASTERS IN TIN CIRCUS PARADE ,2447.41
2010-09,GLASS JAR DIGESTIVE BISCUITS,2440.4
2010-09,RED TOADSTOOL LED NIGHT LIGHT,2433.1
2010-10,Manual,52738.38
2010-10,REGENCY CAKESTAND 3 TIER,23904.01
2010-10,WHITE HANGING HEART T-LIGHT HOLDER,12829.41
2010-10,ASSORTED COLOUR BIRD ORNAMENT,9431.3
2010-10,ROTATING SILVER ANGELS T-LIGHT HLDR,8908.08
2010-10,PAPER CHAIN KIT 50'S CHRISTMAS ,8447.92
2010-10,JUMBO BAG RED RETROSPOT,8172.34
2010-10,DOTCOM POSTAGE,7071.43
2010-10,PAPER CHAIN KIT VINTAGE CHRISTMAS,7008.570000000001
2010-10,COLOUR GLASS. STAR T-LIGHT HOLDER,6697.41
2010-10,POSTAGE,6678.78
2010-10,RED HANGING HEART T-LIGHT HOLDER,5597.3
2010-10,CHILLI LIGHTS,5427.89
2010-10,BLACK RECORD COVER FRAME,5266.74
2010-10,WOODEN BOX ADVENT CALENDAR ,5191.53
2010-10,HOT WATER BOTTLE TEA AND SYMPATHY,4864.7300000000005
2010-10,SET OF 6 RIBBONS VINTAGE CHRISTMAS,4621.150000000001
2010-10,CHOCOLATE HOT WATER BOTTLE,4549.28
2010-10,VINTAGE UNION JACK MEMOBOARD,4403.009999999999
2010-10,SET 7 BABUSHKA NESTING BOXES,4351.74
2010-10,PARTY BUNTING,4182.11
2010-10,SCOTTIE DOG HOT WATER BOTTLE,3934.59
2010-10,SMALL POPCORN HOLDER,3916.92
2010-10,"MIRROR, ARCHED GEORGIAN",3884.000000000001
2010-10,HEART OF WICKER LARGE,3740.4700000000003
2010-10,EDWARDIAN PARASOL BLACK,3702.94
2010-10,JUMBO  BAG BAROQUE BLACK WHITE,3682.39
2010-10,CANDLEHOLDER PINK HANGING HEART,3642.91
2010-10,WOOD BLACK BOARD ANT WHITE FINISH,3627.89
2010-10,RETROSPOT TEA SET CERAMIC 11 PC ,3556.42
2010-10,STRAWBERRY CERAMIC TRINKET BOX,3415.4700000000003
2010-10,CREAM HEART CARD HOLDER,3371.09
2010-10,GRAND CHOCOLATECANDLE,3309.52
2010-10,RED RETROSPOT CAKE STAND,3286.2599999999998
2010-10,3 HEARTS HANGING DECORATION RUSTIC,3220.36
2010-10,CHRISTMAS LIGHTS 10 REINDEER,3144.96
2010-10,FAWN BLUE HOT WATER BOTTLE,3089.84
2010-10,KEY CABINET MA CAMPAGNE,3065.22
2010-10,RED WOOLLY HOTTIE WHITE HEART.,3043.33
2010-10,HOT WATER BOTTLE I AM SO POORLY,3013.7400000000002
2010-10,HAND WARMER SCOTTY DOG DESIGN,3011.9900000000002
2010-10,JUMBO SHOPPER VINTAGE RED PAISLEY,2997.62
2010-10,PACK OF 72 RETROSPOT CAKE CASES,2970.1
2010-10,RED RETROSPOT UMBRELLA,2957.5299999999997
2010-10,WOODEN ADVENT CALENDAR CREAM,2952.75
2010-10,HAND WARMER UNION JACK,2936.55
2010-10,SET/4 WHITE RETRO STORAGE CUBES ,2832.4500000000003
2010-10,PINK CREAM FELT CRAFT TRINKET BOX ,2773.92
2010-10,JUMBO BAG STRAWBERRY,2771.61
2010-10,HAND WARMER BIRD DESIGN,2761.84
2010-11,PAPER CHAIN KIT 50'S CHRISTMAS ,28341.81
2010-11,REGENCY CAKESTAND 3 TIER,28151.329999999998
2010-11,ROTATING SILVER ANGELS T-LIGHT HLDR,25710.94
2010-11,WHITE HANGING HEART T-LIGHT HOLDER,18445.75
2010-11,DOTCOM POSTAGE,15289.92
2010-11,ASSORTED COLOUR BIRD ORNAMENT,14626.470000000001
2010-11,PAPER CHAIN KIT VINTAGE CHRISTMAS,14276.220000000001
2010-11,JUMBO BAG RED RETROSPOT,11469.82
2010-11,SMALL POPCORN HOLDER,10291.52
2010-11,HAND WARMER OWL DESIGN,9620.68
2010-11,HAND WARMER SCOTTY DOG DESIGN,9345.34
2010-11,3 HEARTS HANGING DECORATION RUSTIC,9225.91
2010-11,POSTAGE,8167.88
2010-11,CHOCOLATE HOT WATER BOTTLE,8019.99
2010-11,HAND WARMER BIRD DESIGN,7991.47
2010-11,HOT WATER BOTTLE BABUSHKA ,7981.31
2010-11,CHILLI LIGHTS,7520.18
2010-11,SET OF 6 RIBBONS VINTAGE CHRISTMAS,7366.06
2010-11,HOT WATER BOTTLE TEA AND SYMPATHY,7306.35
2010-11,SCOTTIE DOG HOT WATER BOTTLE,7203.34
2010-11,AMAZON FEE,6706.71
2010-11,RED WOOLLY HOTTIE WHITE HEART.,6376.8
2010-11,ANTIQUE SILVER TEA GLASS ETCHED,5903.18
2010-11,VINTAGE UNION JACK MEMOBOARD,5580.549999999999
2010-11,HEART OF WICKER LARGE,5513.570000000001
2010-11,WHITE SKULL HOT WATER BOTTLE ,5466.37
2010-11,SET 7 BABUSHKA NESTING BOXES,5300.34
2010-11,VICTORIAN GLASS HANGING T-LIGHT,5292.31
2010-11,15CM CHRISTMAS GLASS BALL 20 LIGHTS,5025.84
2010-11,HOT WATER BOTTLE I AM SO POORLY,4998.52
2010-11,PARTY CONE CHRISTMAS DECORATION ,4907.13
2010-11,DOORMAT UNION FLAG,4887.0199999999995
2010-11,NATURAL SLATE HEART CHALKBOARD ,4869.5
2010-11,RETROSPOT HEART HOT WATER BOTTLE,4817.34
2010-11,CHRISTMAS LIGHTS 10 REINDEER,4795.2
2010-11,COLOUR GLASS. STAR T-LIGHT HOLDER,4783.34
2010-11,60 CAKE CASES VINTAGE CHRISTMAS,4769.3
2010-11,JUMBO SHOPPER VINTAGE RED PAISLEY,4759.52
2010-11,KNITTED UNION FLAG HOT WATER BOTTLE,4753.25
2010-11,HAND WARMER UNION JACK,4671.0
2010-11,BLACK RECORD COVER FRAME,4620.06
2010-11,JUMBO BAG PINK POLKADOT,4590.74
2010-11,JUMBO STORAGE BAG SUKI,4575.400000000001
2010-11,RETROSPOT TEA SET CERAMIC 11 PC ,4565.78
2010-11,HAND WARMER RED RETROSPOT,4398.25
2010-11,SPACEBOY LUNCH BOX ,4365.24
2010-11,CHRISTMAS TOILET ROLL,4345.27
2010-11,WOOD BLACK BOARD ANT WHITE FINISH,4251.2
2010-11,BOX OF VINTAGE ALPHABET BLOCKS,4236.03
2010-11,DOLLY GIRL LUNCH BOX,4170.95
2010-12,REGENCY CAKESTAND 3 TIER,41348.94
2010-12,DOTCOM POSTAGE,37474.56
2010-12,AMAZON FEE,27082.66
2010-12,WHITE HANGING HEART T-LIGHT HOLDER,16826.35
2010-12,PAPER CHAIN KIT 50'S CHRISTMAS ,14483.15
2010-12,RED WOOLLY HOTTIE WHITE HEART.,13777.32
2010-12,VINTAGE UNION JACK MEMOBOARD,13680.38
2010-12,WOOD BLACK BOARD ANT WHITE FINISH,12881.06
2010-12,HOT WATER BOTTLE TEA AND SYMPATHY,12307.970000000001
2010-12,CHILLI LIGHTS,12123.119999999999
2010-12,WHITE SKULL HOT WATER BOTTLE ,11709.61
2010-12,CREAM HEART CARD HOLDER,10971.6
2010-12,BLACK RECORD COVER FRAME,10400.97
2010-12,BLACK HEART CARD HOLDER,10285.16
2010-12,CHOCOLATE HOT WATER BOTTLE,9994.460000000001
2010-12,ROTATING SILVER ANGELS T-LIGHT HLDR,9826.98
2010-12,KNITTED UNION FLAG HOT WATER BOTTLE,9074.98
2010-12,ROUND SNACK BOXES SET OF 4 FRUITS ,9066.75
2010-12,PAPER CHAIN KIT VINTAGE CHRISTMAS,8041.46
2010-12,SCOTTIE DOG HOT WATER BOTTLE,7431.62
2010-12,HOT WATER BOTTLE BABUSHKA ,7417.5
2010-12,HAND WARMER BIRD DESIGN,6964.84
2010-12,SET 7 BABUSHKA NESTING BOXES,6938.620000000001
2010-12,VICTORIAN SEWING BOX LARGE,6800.58
2010-12,JUMBO BAG RED RETROSPOT,6585.95
2010-12,ASSORTED COLOUR BIRD ORNAMENT,6492.71
2010-12,POSTAGE,6345.0
2010-12,HAND WARMER BABUSHKA DESIGN,6274.1
2010-12,BOX OF VINTAGE ALPHABET BLOCKS,5939.47
2010-12,HEART OF WICKER LARGE,5567.81
2010-12,HEART OF WICKER SMALL,5546.5
2010-12,ANTIQUE SILVER TEA GLASS ETCHED,5184.85
2010-12,UTILTY CABINET WITH HOOKS,5153.63
2010-12,RETROSPOT HEART HOT WATER BOTTLE,5012.77
2010-12,HOT WATER BOTTLE I AM SO POORLY,4931.8
2010-12,CHARLOTTE BAG SUKI DESIGN,4808.24
2010-12,HALL CABINET WITH 3 DRAWERS,4807.259999999999
2010-12,RED  HARMONICA IN BOX ,4600.68
2010-12,FAWN BLUE HOT WATER BOTTLE,4517.38
2010-12,DOORMAT RED RETROSPOT,4377.21
2010-12,LUNCH BOX I LOVE LONDON,4376.03
2010-12,WOODEN FRAME ANTIQUE WHITE ,4235.18
2010-12,HAND WARMER SCOTTY DOG DESIGN,4145.04
2010-12,DELUXE SEWING KIT ,4029.76
2010-12,JAM MAKING SET PRINTED,4024.1
2010-12,HAND WARMER OWL DESIGN,4012.34
2010-12,SMALL POPCORN HOLDER,3998.93
2010-12,JAM MAKING SET WITH JARS,3987.73
2010-12,HAND WARMER UNION JACK,3909.92
2010-12,RED TOADSTOOL LED NIGHT LIGHT,3899.31
2011-01,MEDIUM CERAMIC TOP STORAGE JAR,77183.6
2011-01,WHITE HANGING HEART T-LIGHT HOLDER,15276.25
2011-01,DOTCOM POSTAGE,13921.82
2011-01,REGENCY CAKESTAND 3 TIER,12800.599999999999
2011-01,FAIRY CAKE FLANNEL ASSORTED COLOUR,6870.410000000001
2011-01,CHILLI LIGHTS,5901.13
2011-01,HEART OF WICKER LARGE,5600.610000000001
2011-01,HEART OF WICKER SMALL,5214.74
2011-01,DOORMAT FAIRY CAKE,5206.23
2011-01,SET OF 3 CAKE TINS PANTRY DESIGN ,5153.57
2011-01,POSTAGE,5138.43
2011-01,JUMBO BAG RED RETROSPOT,5047.65
2011-01,RED HANGING HEART T-LIGHT HOLDER,4807.62
2011-01,GIN + TONIC DIET METAL SIGN,4572.16
2011-01,VINTAGE UNION JACK BUNTING,3923.79
2011-01,TEA TIME TEA TOWELS ,3314.9999999999995
2011-01,RED 3 PIECE RETROSPOT CUTLERY SET,3136.61
2011-01,ASSORTED COLOUR BIRD ORNAMENT,2920.59
2011-01,JAM MAKING SET WITH JARS,2865.34
2011-01,PINK 3 PIECE POLKADOT CUTLERY SET,2830.93
2011-01,SET OF 6 SPICE TINS PANTRY DESIGN,2823.13
2011-01,JUMBO BAG STRAWBERRY,2574.57
2011-01,SPACEBOY LUNCH BOX ,2571.62
2011-01,JUMBO STORAGE BAG SUKI,2464.46
2011-01,BLUE 3 PIECE POLKADOT CUTLERY SET,2410.4500000000003
2011-01,NATURAL SLATE HEART CHALKBOARD ,2404.4700000000003
2011-01,ROUND SNACK BOXES SET OF4 WOODLAND ,2321.4
2011-01,DOORMAT RED RETROSPOT,2304.08
2011-01,PARTY BUNTING,2288.36
2011-01,LUNCH BAG RED RETROSPOT,2242.25
2011-01,PLASTERS IN TIN SPACEBOY,2228.5099999999998
2011-01,JUMBO BAG PINK POLKADOT,2212.12
2011-01,WOOD BLACK BOARD ANT WHITE FINISH,2100.09
2011-01,CHARLOTTE BAG SUKI DESIGN,2067.67
2011-01,JAM MAKING SET PRINTED,2059.75
2011-01,DOLLY GIRL LUNCH BOX,2026.1299999999999
2011-01,RECYCLING BAG RETROSPOT ,2017.8700000000001
2011-01,LOVE BUILDING BLOCK WORD,1999.94
2011-01,CREAM SWEETHEART MINI CHEST,1978.59
2011-01,VINTAGE RED KITCHEN CABINET,1920.0
2011-01,HOME BUILDING BLOCK WORD,1882.7
2011-01,DOORMAT NEW ENGLAND,1857.81
2011-01,JUMBO BAG PINK VINTAGE PAISLEY,1850.1
2011-01,SCOTTIE DOG HOT WATER BOTTLE,1848.93
2011-01,SET/4 WHITE RETRO STORAGE CUBES ,1779.38
2011-01,VICTORIAN GLASS HANGING T-LIGHT,1771.76
2011-01,3 TIER CAKE TIN RED AND CREAM,1681.14
2011-01,PACK OF 72 RETROSPOT CAKE CASES,1676.01
2011-01,JUMBO  BAG BAROQUE BLACK WHITE,1643.72
2011-01,SET OF 16 VINTAGE PISTACHIO CUTLERY,1639.87
2011-02,REGENCY CAKESTAND 3 TIER,11009.49
2011-02,DOTCOM POSTAGE,10060.57
2011-02,VINTAGE UNION JACK MEMOBOARD,6810.39
2011-02,JUMBO BAG RED RETROSPOT,5617.24
2011-02,WHITE HANGING HEART T-LIGHT HOLDER,5140.110000000001
2011-02,PARTY BUNTING,4347.900000000001
2011-02,GROW A FLYTRAP OR SUNFLOWER IN TIN,3799.1099999999997
2011-02,CHILLI LIGHTS,3616.25
2011-02,SET OF 3 CAKE TINS PANTRY DESIGN ,3498.67
2011-02,EMPIRE DESIGN ROSETTE,3302.92
2011-02,VINTAGE UNION JACK BUNTING,3267.76
2011-02,POSTAGE,3166.0
2011-02,CREAM HEART CARD HOLDER,3013.78
2011-02,JAM MAKING SET WITH JARS,2783.88
2011-02,ASSORTED COLOUR BIRD ORNAMENT,2736.35
2011-02,SET OF 6 SPICE TINS PANTRY DESIGN,2454.67
2011-02,BLACK RECORD COVER FRAME,2369.1800000000003
2011-02,HEART OF WICKER SMALL,2210.63
2011-02,SMALL POPCORN HOLDER,2127.0
2011-02,SPACEBOY LUNCH BOX ,2105.96
2011-02,HEART OF WICKER LARGE,2103.34
2011-02,WOOD BLACK BOARD ANT WHITE FINISH,2065.71
2011-02,JUMBO STORAGE BAG SUKI,2056.24
2011-02,GREEN REGENCY TEACUP AND SAUCER,2043.9
2011-02,LUNCH BAG RED RETROSPOT,2029.12
2011-02,WOODEN FRAME ANTIQUE WHITE ,2018.02
2011-02,JUMBO BAG PINK POLKADOT,1972.83
2011-02,ROSES REGENCY TEACUP AND SAUCER ,1966.6000000000001
2011-02,PINK REGENCY TEACUP AND SAUCER,1931.8600000000001
2011-02,HOMEMADE JAM SCENTED CANDLES,1916.8999999999999
2011-02,DOLLY GIRL LUNCH BOX,1844.82
2011-02,JUMBO BAG STRAWBERRY,1833.27
2011-02,CHARLOTTE BAG SUKI DESIGN,1830.17
2011-02,RED 3 PIECE RETROSPOT CUTLERY SET,1799.32
2011-02,ASSORTED COLOUR MINI CASES,1782.43
2011-02,PAPER CHAIN KIT EMPIRE,1781.68
2011-02,RED TOADSTOOL LED NIGHT LIGHT,1734.39
2011-02,PAPER BUNTING WHITE LACE,1728.93
2011-02,ROUND SNACK BOXES SET OF4 WOODLAND ,1713.89
2011-02,JAM MAKING SET PRINTED,1711.3799999999999
2011-02,DOORMAT UNION FLAG,1703.28
2011-02,JUMBO BAG OWLS,1690.62
2011-02,JUMBO  BAG BAROQUE BLACK WHITE,1656.21
2011-02,IVORY KITCHEN SCALES,1655.72
2011-02,NATURAL SLATE HEART CHALKBOARD ,1627.5000000000002
2011-02,HOME BUILDING BLOCK WORD,1616.21
2011-02,RECIPE BOX PANTRY YELLOW DESIGN,1611.5400000000002
2011-02,VICTORIAN GLASS HANGING T-LIGHT,1608.34
2011-02,MEMO BOARD RETROSPOT  DESIGN,1607.19
2011-02,ASSORTED COLOURS SILK FAN,1586.36
2011-03,REGENCY CAKESTAND 3 TIER,18372.0
2011-03,DOTCOM POSTAGE,11829.71
2011-03,JUMBO BAG RED RETROSPOT,10118.38
2011-03,PARTY BUNTING,9123.02
2011-03,Manual,8236.380000000001
2011-03,JUMBO BAG STRAWBERRY,5853.8
2011-03,WHITE HANGING HEART T-LIGHT HOLDER,5597.900000000001
2011-03,POSTAGE,5337.57
2011-03,VINTAGE UNION JACK BUNTING,5299.33
2011-03,JUMBO BAG PINK POLKADOT,5079.29
2011-03,PAPER CHAIN KIT EMPIRE,4745.950000000001
2011-03,JAM MAKING SET WITH JARS,4396.11
2011-03,JUMBO BAG PINK VINTAGE PAISLEY,4309.4400000000005
2011-03,ASSORTED COLOUR BIRD ORNAMENT,4302.7
2011-03,SET OF 3 CAKE TINS PANTRY DESIGN ,4192.95
2011-03,VICTORIAN GLASS HANGING T-LIGHT,3753.56
2011-03,WOODEN UNION JACK BUNTING,3623.9
2011-03,CREAM SWEETHEART MINI CHEST,3507.5600000000004
2011-03,JUMBO  BAG BAROQUE BLACK WHITE,3507.18
2011-03,LUNCH BOX I LOVE LONDON,3248.89
2011-03,SPACEBOY LUNCH BOX ,3142.37
2011-03,CHILLI LIGHTS,3093.05
2011-03,WOOD BLACK BOARD ANT WHITE FINISH,3088.75
2011-03, SET 2 TEA TOWELS I LOVE LONDON ,3053.63
2011-03,SMALL POPCORN HOLDER,3032.81
2011-03,DOLLY GIRL LUNCH BOX,2967.47
2011-03,JUMBO BAG SCANDINAVIAN BLUE PAISLEY,2900.64
2011-03,JAM MAKING SET PRINTED,2890.89
2011-03,JUMBO BAG OWLS,2865.36
2011-03,SET OF 6 SPICE TINS PANTRY DESIGN,2799.9900000000002
2011-03,LUNCH BAG RED RETROSPOT,2742.42
2011-03,VINTAGE UNION JACK MEMOBOARD,2741.22
2011-03,JUMBO BAG WOODLAND ANIMALS,2711.44
2011-03,EDWARDIAN PARASOL NATURAL,2708.6800000000003
2011-03,NATURAL SLATE HEART CHALKBOARD ,2699.8500000000004
2011-03,PLEASE ONE PERSON METAL SIGN,2637.59
2011-03,CHARLOTTE BAG SUKI DESIGN,2574.13
2011-03,DOORMAT UNION FLAG,2546.48
2011-03,HANGING HEART JAR T-LIGHT HOLDER,2536.37
2011-03,JUMBO STORAGE BAG SUKI,2512.59
2011-03,JUMBO BAG SPACEBOY DESIGN,2511.5099999999998
2011-03,HOMEMADE JAM SCENTED CANDLES,2430.19
2011-03,SET OF 4 PANTRY JELLY MOULDS,2376.03
2011-03,JUMBO SHOPPER VINTAGE RED PAISLEY,2328.54
2011-03,PACK OF 72 RETROSPOT CAKE CASES,2293.5299999999997
2011-03,ROSES REGENCY TEACUP AND SAUCER ,2264.98
2011-03,ASSORTED COLOURS SILK FAN,2251.52
2011-03, SPACEBOY BABY GIFT SET,2244.8399999999997
2011-03,RED RETROSPOT ROUND CAKE TINS,2216.2799999999997
2011-03,WOODEN FRAME ANTIQUE WHITE ,2172.53
2011-04,REGENCY CAKESTAND 3 TIER,14812.949999999999
2011-04,PARTY BUNTING,10778.470000000001
2011-04,Manual,10108.5
2011-04,WHITE HANGING HEART T-LIGHT HOLDER,10017.789999999999
2011-04,DOTCOM POSTAGE,7535.38
2011-04,PAPER CHAIN KIT EMPIRE,6637.21
2011-04,FAIRY CAKE FLANNEL ASSORTED COLOUR,6625.68
2011-04,DOORMAT FAIRY CAKE,4961.5
2011-04,JUMBO BAG RED RETROSPOT,4878.08
2011-04,GIN + TONIC DIET METAL SIGN,4612.54
2011-04,WOODEN UNION JACK BUNTING,4191.03
2011-04,ASSORTED COLOUR BIRD ORNAMENT,4174.24
2011-04,PAPER BUNTING WHITE LACE,3579.69
2011-04,POSTAGE,3409.95
2011-04,ALARM CLOCK BAKELIKE RED ,3054.79
2011-04,GROW A FLYTRAP OR SUNFLOWER IN TIN,2916.45
2011-04,TEA TIME TEA TOWELS ,2730.0
2011-04,PAPER BUNTING RETROSPOT,2531.62
2011-04,JUMBO BAG APPLES,2504.01
2011-04,PICNIC BASKET WICKER LARGE,2421.66
2011-04,ALARM CLOCK BAKELIKE PINK,2409.67
2011-04,LUNCH BAG RED RETROSPOT,2406.94
2011-04,VICTORIAN GLASS HANGING T-LIGHT,2313.2
2011-04,WORLD WAR 2 GLIDERS ASSTD DESIGNS,2290.89
2011-04,DOORMAT UNION FLAG,2253.77
2011-04,JAM MAKING SET WITH JARS,2154.98
2011-04,PLEASE ONE PERSON METAL SIGN,2111.88
2011-04,LUNCH BAG APPLE DESIGN,2100.02
2011-04,LONDON BUS COFFEE MUG,2067.15
2011-04,NATURAL SLATE HEART CHALKBOARD ,2015.9600000000003
2011-04,TEA TIME PARTY BUNTING,1962.5200000000002
2011-04,WOODEN ROUNDERS GARDEN SET ,1844.23
2011-04,PACK OF 72 RETROSPOT CAKE CASES,1775.51
2011-04,CHILDRENS CUTLERY RETROSPOT RED ,1751.21
2011-04,ROSES REGENCY TEACUP AND SAUCER ,1750.5500000000002
2011-04,ALARM CLOCK BAKELIKE ORANGE,1730.21
2011-04,JUMBO BAG ALPHABET,1690.73
2011-04,PICNIC BASKET WICKER SMALL,1679.43
2011-04,ALARM CLOCK BAKELIKE GREEN,1676.81
2011-04,ENAMEL FLOWER JUG CREAM,1651.8600000000001
2011-04,GREEN REGENCY TEACUP AND SAUCER,1573.0900000000001
2011-04,ICE CREAM SUNDAE LIP GLOSS,1559.52
2011-04,ASSORTED COLOURS SILK FAN,1527.26
2011-04,WOOD BLACK BOARD ANT WHITE FINISH,1517.77
2011-04,LARGE RED RETROSPOT WINDMILL,1511.1200000000001
2011-04,RED RETROSPOT PICNIC BAG,1501.41
2011-04,SMALL POPCORN HOLDER,1495.57
2011-04,HANGING HEART JAR T-LIGHT HOLDER,1459.73
2011-04,COOK WITH WINE METAL SIGN ,1459.63
2011-04,SET OF 4 PANTRY JELLY MOULDS,1442.07
2011-05,PARTY BUNTING,19147.75
2011-05,POSTAGE,13358.75
2011-05,REGENCY CAKESTAND 3 TIER,12645.97
2011-05,WHITE HANGING HEART T-LIGHT HOLDER,11415.32
2011-05,DOTCOM POSTAGE,10229.3
2011-05,SPOTTY BUNTING,7706.97
2011-05,JUMBO BAG RED RETROSPOT,7122.7300000000005
2011-05,DOORMAT KEEP CALM AND COME IN,5952.26
2011-05,PICNIC BASKET WICKER LARGE,5832.04
2011-05,Manual,5221.23
2011-05,SMALL POPCORN HOLDER,5151.63
2011-05,ASSORTED COLOUR BIRD ORNAMENT,5052.12
2011-05,JUMBO BAG DOILEY PATTERNS,4736.84
2011-05,PAPER BUNTING RETROSPOT,4712.37
2011-05,JUMBO BAG APPLES,4394.13
2011-05,LUNCH BAG RED RETROSPOT,4177.18
2011-05,ASSORTED COLOURS SILK FAN,3708.92
2011-05,LUNCH BAG DOILEY PATTERN ,3653.83
2011-05,JUMBO BAG VINTAGE LEAF,3605.01
2011-05,JUMBO BAG ALPHABET,3588.9
2011-05,REGENCY TEAPOT ROSES ,3550.24
2011-05,HEART OF WICKER SMALL,3531.57
2011-05,HEART OF WICKER LARGE,3510.59
2011-05,DOG BOWL CHASING BALL DESIGN,3408.45
2011-05,DOORMAT RED RETROSPOT,3400.98
2011-05,JUMBO SHOPPER VINTAGE RED PAISLEY,3375.68
2011-05,RED RETROSPOT PICNIC BAG,3346.29
2011-05,LUNCH BAG APPLE DESIGN,3318.95
2011-05,WOODEN ROUNDERS GARDEN SET ,3259.65
2011-05,VICTORIAN GLASS HANGING T-LIGHT,3113.63
2011-05,JUMBO BAG PINK POLKADOT,2953.27
2011-05,PICNIC BASKET WICKER SMALL,2905.65
2011-05,VINTAGE UNION JACK BUNTING,2855.89
2011-05,JUMBO STORAGE BAG SUKI,2775.68
2011-05,LUNCH BAG SUKI DESIGN ,2661.68
2011-05,LUNCH BOX I LOVE LONDON,2651.92
2011-05,REGENCY TEA PLATE ROSES ,2583.49
2011-05,JUMBO BAG PEARS,2549.96
2011-05,ILLUSTRATED CAT BOWL ,2541.44
2011-05,PINK HAPPY BIRTHDAY BUNTING,2524.69
2011-05,JUMBO  BAG BAROQUE BLACK WHITE,2498.2
2011-05,OPEN CLOSED METAL SIGN,2492.88
2011-05,TEA TIME PARTY BUNTING,2449.36
2011-05,LUNCH BAG WOODLAND,2404.47
2011-05,ROSES REGENCY TEACUP AND SAUCER ,2394.57
2011-05,WOODEN PICTURE FRAME WHITE FINISH,2324.19
2011-05,DOORMAT UNION FLAG,2311.25
2011-05,CHILLI LIGHTS,2296.75
2011-05,BLUE HAPPY BIRTHDAY BUNTING,2279.9900000000002
2011-05,RABBIT NIGHT LIGHT,2279.57
2011-06,PICNIC BASKET WICKER 60 PIECES,39619.5
2011-06,PARTY BUNTING,12561.07
2011-06,DOTCOM POSTAGE,11848.66
2011-06,REGENCY CAKESTAND 3 TIER,9745.39
2011-06,REGENCY TEAPOT ROSES ,7399.84
2011-06,JUMBO BAG RED RETROSPOT,7247.9800000000005
2011-06,SET OF 3 REGENCY CAKE TINS,6549.120000000001
2011-06,SPOTTY BUNTING,6334.83
2011-06,BLACK RECORD COVER FRAME,5744.52
2011-06,POSTAGE,5536.48
2011-06,Manual,4927.88
2011-06,DOORMAT KEEP CALM AND COME IN,4820.25
2011-06,WHITE HANGING HEART T-LIGHT HOLDER,4707.33
2011-06,REGENCY SUGAR BOWL GREEN,4233.17
2011-06,JUMBO BAG PINK POLKADOT,4199.19
2011-06,ROSES REGENCY TEACUP AND SAUCER ,4038.5800000000004
2011-06,JUMBO BAG DOILEY PATTERNS,4007.81
2011-06,JUMBO BAG STRAWBERRY,3805.77
2011-06,DOORMAT RED RETROSPOT,3789.2
2011-06,SET OF 3 CAKE TINS PANTRY DESIGN ,3768.62
2011-06,JUMBO BAG APPLES,3521.46
2011-06,SET 3 WICKER OVAL BASKETS W LIDS,3439.4700000000003
2011-06,SET OF TEA COFFEE SUGAR TINS PANTRY,3393.6
2011-06,WOOD BLACK BOARD ANT WHITE FINISH,3382.36
2011-06,SET OF 4 KNICK KNACK TINS DOILEY ,3382.1
2011-06,RABBIT NIGHT LIGHT,3326.87
2011-06,COLOUR GLASS. STAR T-LIGHT HOLDER,3221.15
2011-06,DOORMAT HEARTS,3128.64
2011-06,LUNCH BAG RED RETROSPOT,3104.14
2011-06,DOORMAT UNION FLAG,3101.43
2011-06,DOORMAT NEW ENGLAND,3084.86
2011-06,REGENCY MILK JUG PINK ,3050.8
2011-06,DOORMAT FANCY FONT HOME SWEET HOME,3000.5699999999997
2011-06,REGENCY TEA PLATE GREEN ,2956.97
2011-06,PAPER BUNTING RETROSPOT,2855.6400000000003
2011-06,DOORMAT WELCOME PUPPIES,2786.54
2011-06,JUMBO BAG VINTAGE LEAF,2776.1
2011-06,DOORMAT FAIRY CAKE,2720.89
2011-06,ASSORTED COLOURS SILK FAN,2706.58
2011-06,DOORMAT HOME SWEET HOME BLUE ,2698.5
2011-06,LUNCH BAG APPLE DESIGN,2685.77
2011-06,LUNCH BAG DOILEY PATTERN ,2671.73
2011-06,3 HOOK PHOTO SHELF ANTIQUE WHITE,2662.53
2011-06,ASSORTED COLOUR BIRD ORNAMENT,2627.64
2011-06,JUMBO STORAGE BAG SUKI,2624.7000000000003
2011-06,ROUND SNACK BOXES SET OF4 WOODLAND ,2596.9500000000003
2011-06,GUMBALL COAT RACK,2593.46
2011-06,REGENCY TEA PLATE ROSES ,2537.36
2011-06,JUMBO BAG ALPHABET,2522.03
2011-06,DOORMAT UNION JACK GUNS AND ROSES,2517.11
2011-07,PARTY BUNTING,14576.5
2011-07,REGENCY CAKESTAND 3 TIER,13987.11
2011-07,DOTCOM POSTAGE,12841.0
2011-07,Manual,11107.8
2011-07,WHITE HANGING HEART T-LIGHT HOLDER,8630.08
2011-07,SPOTTY BUNTING,7182.05
2011-07,JUMBO BAG RED RETROSPOT,6253.87
2011-07,SET OF 3 REGENCY CAKE TINS,5825.93
2011-07,REGENCY TEAPOT ROSES ,5503.4800000000005
2011-07,POSTAGE,5324.65
2011-07,JUMBO BAG DOILEY PATTERNS,4382.86
2011-07,CHILLI LIGHTS,4294.99
2011-07,EDWARDIAN PARASOL NATURAL,4036.28
2011-07,DOORMAT KEEP CALM AND COME IN,3881.7200000000003
2011-07,PICNIC BASKET WICKER LARGE,3839.92
2011-07,DOORMAT FANCY FONT HOME SWEET HOME,3632.98
2011-07,DOORMAT RED RETROSPOT,3496.36
2011-07,DOORMAT NEW ENGLAND,3453.78
2011-07,JAM MAKING SET WITH JARS,3437.44
2011-07,LUNCH BAG DOILEY PATTERN ,3318.0
2011-07,DOORMAT HEARTS,3226.2400000000002
2011-07,ROSES REGENCY TEACUP AND SAUCER ,3133.85
2011-07,ASSORTED COLOUR BIRD ORNAMENT,3129.49
2011-07,JUMBO BAG PINK POLKADOT,3125.27
2011-07,SET 40 HEART SHAPE PETIT FOUR CASES,3090.18
2011-07,CHILDRENS CUTLERY POLKADOT PINK,3019.16
2011-07,JUMBO BAG APPLES,2988.83
2011-07,LUNCH BAG RED RETROSPOT,2927.83
2011-07,RED RETROSPOT CAKE STAND,2921.9399999999996
2011-07,DOORMAT WELCOME PUPPIES,2908.57
2011-07,LUNCH BAG APPLE DESIGN,2889.58
2011-07,WOOD BLACK BOARD ANT WHITE FINISH,2860.33
2011-07,LUNCH BAG CARS BLUE,2795.13
2011-07,JUMBO BAG VINTAGE LEAF,2766.75
2011-07,EDWARDIAN PARASOL BLACK,2725.48
2011-07,ASSORTED COLOURS SILK FAN,2690.98
2011-07,SET/5 RED RETROSPOT LID GLASS BOWLS,2617.94
2011-07,LUNCH BAG SUKI DESIGN ,2606.65
2011-07,DOORMAT BLACK FLOCK ,2579.95
2011-07,SET OF 3 CAKE TINS PANTRY DESIGN ,2521.62
2011-07,3 HOOK PHOTO SHELF ANTIQUE WHITE,2508.57
2011-07,REGENCY SUGAR BOWL GREEN,2491.41
2011-07,JUMBO STORAGE BAG SUKI,2487.19
2011-07,LUNCH BAG PINK POLKADOT,2482.8
2011-07,CHILDRENS CUTLERY POLKADOT BLUE,2429.4700000000003
2011-07,SET OF TEA COFFEE SUGAR TINS PANTRY,2409.2400000000002
2011-07,RECIPE BOX PANTRY YELLOW DESIGN,2395.4300000000003
2011-07,LARGE ZINC HEART WALL ORGANISER,2384.9399999999996
2011-07,PAPER BUNTING RETROSPOT,2378.11
2011-07,LUNCH BAG  BLACK SKULL.,2347.38
2011-08,DOTCOM POSTAGE,13400.52
2011-08,Adjust bad debt,11062.06
2011-08,JUMBO BAG RED RETROSPOT,10796.56
2011-08,REGENCY CAKESTAND 3 TIER,10534.05
2011-08,ASSORTED COLOUR BIRD ORNAMENT,9882.25
2011-08,PARTY BUNTING,9694.85
2011-08,SPOTTY BUNTING,7869.38
2011-08,JUMBO BAG APPLES,6233.72
2011-08,WHITE HANGING HEART T-LIGHT HOLDER,5733.28
2011-08,POSTAGE,5358.6
2011-08,JUMBO BAG PINK POLKADOT,4728.7300000000005
2011-08,JUMBO BAG ALPHABET,4586.53
2011-08,JUMBO BAG STRAWBERRY,4124.33
2011-08,SET OF 3 REGENCY CAKE TINS,4097.400000000001
2011-08,JUMBO BAG VINTAGE DOILY ,4083.37
2011-08,POPCORN HOLDER,4061.35
2011-08,LUNCH BAG RED RETROSPOT,4015.21
2011-08,IVORY DINER WALL CLOCK,3767.2000000000003
2011-08,RED TOADSTOOL LED NIGHT LIGHT,3638.02
2011-08,JUMBO BAG VINTAGE LEAF,3588.98
2011-08,JUMBO STORAGE BAG SUKI,3574.42
2011-08,RABBIT NIGHT LIGHT,3533.57
2011-08,JUMBO BAG OWLS,3487.69
2011-08,JUMBO BAG DOILEY PATTERNS,3483.54
2011-08,SET OF TEA COFFEE SUGAR TINS PANTRY,3339.87
2011-08,Manual,3312.04
2011-08,SPACEBOY LUNCH BOX ,3214.4399999999996
2011-08,ALARM CLOCK BAKELIKE PINK,3173.05
2011-08,SET OF 3 CAKE TINS PANTRY DESIGN ,3160.06
2011-08,LUNCH BAG SUKI DESIGN ,3109.41
2011-08,JUMBO SHOPPER VINTAGE RED PAISLEY,2975.33
2011-08,LUNCH BAG ALPHABET DESIGN,2900.54
2011-08,LUNCH BAG  BLACK SKULL.,2886.25
2011-08,DOLLY GIRL LUNCH BOX,2849.7499999999995
2011-08,ROUND SNACK BOXES SET OF4 WOODLAND ,2825.9900000000002
2011-08,LUNCH BAG CARS BLUE,2751.44
2011-08,ALARM CLOCK BAKELIKE RED ,2750.81
2011-08,LUNCH BAG APPLE DESIGN,2716.65
2011-08,VICTORIAN GLASS HANGING T-LIGHT,2642.7200000000003
2011-08,JUMBO BAG PEARS,2631.66
2011-08,EDWARDIAN PARASOL NATURAL,2614.23
2011-08,LUNCH BAG VINTAGE DOILY ,2480.71
2011-08,JUMBO BAG WOODLAND ANIMALS,2423.42
2011-08,SET 40 HEART SHAPE PETIT FOUR CASES,2405.1
2011-08,SET/3 RED GINGHAM ROSE STORAGE BOX,2404.12
2011-08,JAM MAKING SET WITH JARS,2382.7799999999997
2011-08,ALARM CLOCK BAKELIKE GREEN,2377.56
2011-08,JUMBO BAG SCANDINAVIAN BLUE PAISLEY,2368.31
2011-08,LUNCH BAG SPACEBOY DESIGN ,2356.41
2011-08,LUNCH BAG PINK POLKADOT,2298.07
2011-09,DOTCOM POSTAGE,15177.4
2011-09,SET OF TEA COFFEE SUGAR TINS PANTRY,9981.41
2011-09,REGENCY CAKESTAND 3 TIER,9619.53
2011-09,JUMBO BAG RED RETROSPOT,8884.33
2011-09,WHITE HANGING HEART T-LIGHT HOLDER,7123.21
2011-09,PARTY BUNTING,6402.95
2011-09,HOT WATER BOTTLE KEEP CALM,6313.9400000000005
2011-09,SET OF 3 CAKE TINS PANTRY DESIGN ,6295.03
2011-09,Manual,6085.19
2011-09,PAPER CHAIN KIT 50'S CHRISTMAS ,6006.1
2011-09,POSTAGE,5897.22
2011-09,JUMBO BAG VINTAGE DOILY ,5454.99
2011-09,JUMBO BAG PINK POLKADOT,5383.93
2011-09,HOT WATER BOTTLE TEA AND SYMPATHY,5346.13
2011-09,SCOTTIE DOG HOT WATER BOTTLE,5302.51
2011-09,SPOTTY BUNTING,5221.67
2011-09,PLEASE ONE PERSON METAL SIGN,5058.39
2011-09,ASSORTED COLOUR BIRD ORNAMENT,4993.52
2011-09,PANTRY CHOPPING BOARD,4977.200000000001
2011-09,SET OF 6 SPICE TINS PANTRY DESIGN,4589.17
2011-09,CHRISTMAS LIGHTS 10 REINDEER,4569.33
2011-09,PAPER CHAIN KIT VINTAGE CHRISTMAS,4495.46
2011-09,DOORMAT UNION FLAG,4484.76
2011-09,RETROSPOT HEART HOT WATER BOTTLE,4482.12
2011-09,DOORMAT NEW ENGLAND,4280.17
2011-09,RECIPE BOX PANTRY YELLOW DESIGN,4242.97
2011-09,HAND WARMER OWL DESIGN,4232.320000000001
2011-09,COOK WITH WINE METAL SIGN ,4203.09
2011-09,SET OF 10 LED DOLLY LIGHTS,4086.33
2011-09,JUMBO BAG OWLS,4067.76
2011-09,DOORMAT KEEP CALM AND COME IN,4059.48
2011-09,BAKING SET 9 PIECE RETROSPOT ,3988.07
2011-09,SET OF 3 REGENCY CAKE TINS,3929.32
2011-09,JUMBO SHOPPER VINTAGE RED PAISLEY,3909.67
2011-09,CHOCOLATE HOT WATER BOTTLE,3859.59
2011-09,CHILLI LIGHTS,3677.3900000000003
2011-09,DOORMAT HEARTS,3610.34
2011-09,PANTRY ROLLING PIN,3553.37
2011-09,JUMBO BAG ALPHABET,3531.81
2011-09,HEART OF WICKER LARGE,3509.8500000000004
2011-09,POPCORN HOLDER,3494.33
2011-09,JAM MAKING SET WITH JARS,3488.2
2011-09,RED  HARMONICA IN BOX ,3468.09
2011-09,HEART OF WICKER SMALL,3386.85
2011-09,LOVE HOT WATER BOTTLE,3367.78
2011-09,DOORSTOP RETROSPOT HEART,3346.45
2011-09,JUMBO BAG 50'S CHRISTMAS ,3346.4
2011-09,JUMBO  BAG BAROQUE BLACK WHITE,3296.83
2011-09,DOORMAT FAIRY CAKE,3243.14
2011-09,HOMEMADE JAM SCENTED CANDLES,3210.4799999999996
2011-10,Manual,21548.670000000002
2011-10,DOTCOM POSTAGE,17955.13
2011-10,REGENCY CAKESTAND 3 TIER,13281.24
2011-10,RABBIT NIGHT LIGHT,12256.87
2011-10,DOORMAT KEEP CALM AND COME IN,11598.75
2011-10,JUMBO BAG RED RETROSPOT,10485.81
2011-10,PAPER CHAIN KIT 50'S CHRISTMAS ,10031.390000000001
2011-10,POSTAGE,8025.96
2011-10,FELTCRAFT DOLL MOLLY,6155.599999999999
2011-10,HOT WATER BOTTLE KEEP CALM,6135.99
2011-10,JUMBO BAG PINK POLKADOT,6107.68
2011-10,PINK BLUE FELT CRAFT TRINKET BOX,5281.38
2011-10,HOT WATER BOTTLE TEA AND SYMPATHY,5051.51
2011-10,JUMBO BAG 50'S CHRISTMAS ,4903.59
2011-10,SET OF 3 REGENCY CAKE TINS,4870.61
2011-10,WHITE HANGING HEART T-LIGHT HOLDER,4848.14
2011-10,PAPER CHAIN KIT VINTAGE CHRISTMAS,4833.97
2011-10,POPCORN HOLDER,4813.95
2011-10,ASSORTED COLOUR BIRD ORNAMENT,4686.48
2011-10,CHILLI LIGHTS,4678.13
2011-10,JUMBO BAG VINTAGE DOILY ,4456.67
2011-10,ALARM CLOCK BAKELIKE GREEN,4429.96
2011-10,ROTATING SILVER ANGELS T-LIGHT HLDR,4426.5
2011-10,ALARM CLOCK BAKELIKE RED ,4426.33
2011-10,CHOCOLATE HOT WATER BOTTLE,4335.9400000000005
2011-10,VICTORIAN GLASS HANGING T-LIGHT,4304.099999999999
2011-10,LANDMARK FRAME COVENT GARDEN ,4241.7
2011-10,LANDMARK FRAME OXFORD STREET,4210.26
2011-10,LANDMARK FRAME NOTTING HILL ,4197.8
2011-10,WALL ART CLASSIC PUDDINGS ,4191.5
2011-10,PLEASE ONE PERSON METAL SIGN,4178.63
2011-10,LANDMARK FRAME LONDON BRIDGE ,4066.4900000000002
2011-10,ALARM CLOCK BAKELIKE PINK,4009.08
2011-10,LANDMARK FRAME CAMDEN TOWN ,3885.3
2011-10,RED  HARMONICA IN BOX ,3869.9500000000003
2011-10,BOTANICAL GARDENS WALL CLOCK ,3728.36
2011-10,PARTY BUNTING,3716.48
2011-10,LANDMARK FRAME BAKER STREET ,3572.5
2011-10,JUMBO BAG APPLES,3557.25
2011-10,JUMBO BAG STRAWBERRY,3402.03
2011-10,FELTCRAFT 6 FLOWER FRIENDS,3324.31
2011-10,HAND WARMER OWL DESIGN,3307.84
2011-10,BAKING SET 9 PIECE RETROSPOT ,3181.05
2011-10,SET OF 3 CAKE TINS PANTRY DESIGN ,3168.77
2011-10,JUMBO BAG ALPHABET,3119.82
2011-10,RETROSPOT TEA SET CERAMIC 11 PC ,3092.8
2011-10,SET OF 6 SPICE TINS PANTRY DESIGN,3060.7200000000003
2011-10,FELTCRAFT CUSHION OWL,3023.19
2011-10,SPOTTY BUNTING,3004.48
2011-10,FELTCRAFT BUTTERFLY HEARTS,2965.58
2011-11,DOTCOM POSTAGE,36905.4
2011-11,RABBIT NIGHT LIGHT,34556.72
2011-11,PAPER CHAIN KIT 50'S CHRISTMAS ,28985.04
2011-11,WHITE HANGING HEART T-LIGHT HOLDER,14362.12
2011-11,POPCORN HOLDER,14195.6
2011-11,REGENCY CAKESTAND 3 TIER,13799.58
2011-11,PAPER CHAIN KIT VINTAGE CHRISTMAS,12944.49
2011-11,HOT WATER BOTTLE KEEP CALM,11824.42
2011-11,JUMBO BAG RED RETROSPOT,11641.37
2011-11,CHILLI LIGHTS,11485.77
2011-11,JUMBO BAG 50'S CHRISTMAS ,11094.18
2011-11,POSTAGE,10352.98
2011-11,HOT WATER BOTTLE TEA AND SYMPATHY,10291.14
2011-11,ROTATING SILVER ANGELS T-LIGHT HLDR,9633.54
2011-11,JUMBO BAG VINTAGE DOILY ,9175.75
2011-11,ASSORTED COLOUR BIRD ORNAMENT,8440.94
2011-11,CHOCOLATE HOT WATER BOTTLE,8079.46
2011-11,JUMBO BAG PAISLEY PARK,8013.5
2011-11,BLACK RECORD COVER FRAME,7906.16
2011-11,VINTAGE CHRISTMAS BUNTING,7303.3
2011-11,LOVE HOT WATER BOTTLE,6069.15
2011-11,DOORMAT KEEP CALM AND COME IN,5937.78
2011-11,JUMBO BAG VINTAGE CHRISTMAS ,5935.72
2011-11,GARDENERS KNEELING PAD KEEP CALM ,5872.0
2011-11,3 HEARTS HANGING DECORATION RUSTIC,5815.91
2011-11,RED WOOLLY HOTTIE WHITE HEART.,5794.01
2011-11,HAND WARMER OWL DESIGN,5756.59
2011-11,BAKING SET 9 PIECE RETROSPOT ,5695.76
2011-11,WOODEN ADVENT CALENDAR RED,5660.21
2011-11,HAND WARMER SCOTTY DOG DESIGN,5617.59
2011-11,SCOTTIE DOG HOT WATER BOTTLE,5503.6
2011-11,TRADITIONAL NAUGHTS & CROSSES,5420.43
2011-11,HEART OF WICKER LARGE,5361.38
2011-11,JUMBO BAG ALPHABET,5289.6900000000005
2011-11,VINTAGE DOILY JUMBO BAG RED ,5216.01
2011-11,15CM CHRISTMAS GLASS BALL 20 LIGHTS,5188.78
2011-11,RED  HARMONICA IN BOX ,5175.81
2011-11,SET 6 SCHOOL MILK BOTTLES IN CRATE,5091.19
2011-11,HEART OF WICKER SMALL,5069.47
2011-11,HOT WATER BOTTLE I AM SO POORLY,4956.39
2011-11,ALARM CLOCK BAKELIKE GREEN,4886.49
2011-11,ANTIQUE SILVER T-LIGHT GLASS,4877.78
2011-11,PARTY BUNTING,4740.76
2011-11,JAM MAKING SET WITH JARS,4661.96
2011-11,VINTAGE DOILY TRAVEL SEWING KIT,4617.21
2011-11,RED HANGING HEART T-LIGHT HOLDER,4527.6
2011-11,SPOTTY BUNTING,4463.89
2011-11,WHITE SKULL HOT WATER BOTTLE ,4454.63
2011-11,ALARM CLOCK BAKELIKE RED ,4380.7699999999995
2011-11,RETROSPOT TEA SET CERAMIC 11 PC ,4244.18
2011-12,"PAPER CRAFT , LITTLE BIRDIE",168469.6
2011-12,DOTCOM POSTAGE,19872.69
2011-12,RABBIT NIGHT LIGHT,9643.02
2011-12,PAPER CHAIN KIT 50'S CHRISTMAS ,6870.71
2011-12,REGENCY CAKESTAND 3 TIER,6006.87
2011-12,BLACK RECORD COVER FRAME,5582.43
2011-12,POPCORN HOLDER,5423.8
2011-12,METAL SIGN TAKE IT OR LEAVE IT ,3999.65
2011-12,HOT WATER BOTTLE KEEP CALM,3974.68
2011-12,VINTAGE DOILY JUMBO BAG RED ,3852.2799999999997
2011-12,ALARM CLOCK BAKELIKE RED ,3814.4
2011-12,HOT WATER BOTTLE TEA AND SYMPATHY,3734.7999999999997
2011-12,CHOCOLATE HOT WATER BOTTLE,3470.2400000000002
2011-12,WALL ART KEEP CALM ,3045.6000000000004
2011-12,POSTAGE,2783.29
2011-12,PAPER CHAIN KIT VINTAGE CHRISTMAS,2763.56
2011-12,ROTATING SILVER ANGELS T-LIGHT HLDR,2700.78
2011-12,NATURAL SLATE HEART CHALKBOARD ,2671.36
2011-12,CHILLI LIGHTS,2639.7400000000002
2011-12,BICYCLE PUNCTURE REPAIR KIT ,2595.79
2011-12,RED METAL BOX TOP SECRET,2379.87
2011-12,CHARLOTTE BAG SUKI DESIGN,2351.52
2011-12,WOOD BLACK BOARD ANT WHITE FINISH,2342.58
2011-12,JUMBO BAG 50'S CHRISTMAS ,2244.95
2011-12,JUMBO BAG RED RETROSPOT,2226.9
2011-12,WHITE HANGING HEART T-LIGHT HOLDER,2207.02
2011-12,ANTIQUE HEART SHELF UNIT,2202.28
2011-12,SWEETHEART BIRD HOUSE,2178.73
2011-12,ASSORTED COLOUR BIRD ORNAMENT,2162.7400000000002
2011-12,SCOTTIE DOG HOT WATER BOTTLE,2139.91
2011-12,WHITE SKULL HOT WATER BOTTLE ,2066.91
2011-12,COOK WITH WINE METAL SIGN ,1885.0500000000002
2011-12,VICTORIAN GLASS HANGING T-LIGHT,1884.6599999999999
2011-12,WALL ART BICYCLE SAFETY,1855.19
2011-12,ALARM CLOCK BAKELIKE GREEN,1835.23
2011-12,RED WOOLLY HOTTIE WHITE HEART.,1796.1000000000001
2011-12,HAND OVER THE CHOCOLATE   SIGN ,1792.5500000000002
2011-12,HAND WARMER OWL DESIGN,1758.2100000000003
2011-12,VINTAGE CHRISTMAS BUNTING,1753.45
2011-12,JAM MAKING SET PRINTED,1731.56
2011-12,HOT WATER BOTTLE I AM SO POORLY,1728.48
2011-12,JUMBO BAG VINTAGE CHRISTMAS ,1713.55
2011-12,SET OF 3 REGENCY CAKE TINS,1679.29
2011-12,RECIPE BOX PANTRY YELLOW DESIGN,1662.89
2011-12,CHRISTMAS LIGHTS 10 REINDEER,1659.93
2011-12,CLASSIC BICYCLE CLIPS ,1652.1799999999998
2011-12,GARDENERS KNEELING PAD KEEP CALM ,1650.92
2011-12,COLOURED GLASS STAR T-LIGHT HOLDER,1628.24
2011-12,DOORMAT KEEP CALM AND COME IN,1574.72
2011-12,LANDMARK FRAME CAMDEN TOWN ,1573.42
